name,size
86198207.json,2461172
86198259.json,1572316
86198283.json,3765825
86198285.json,1020525
86198286.json,3456415
86198287.json,4807129
86198288.json,1612528
86198291.json,5365217
86198295.json,4900744
86198298.json,4880449
86198300.json,3934509
86198301.json,5262506
86198304.json,2591044
86198311.json,2255673
86198321.json,3935659
86198323.json,1550030
86198334.json,3462855
86198845.json,5300708
86198911.json,4740989
86198912.json,4855644
86198913.json,4387595
86198915.json,9966126
86198918.json,3913248
86198920.json,3458382
86198921.json,3299712
86198925.json,4618604
86198928.json,4884150
86198931.json,5580177
86198935.json,4717076
86198937.json,4921037
86198944.json,3962596
86198945.json,4156643
86198957.json,2384454
86198972.json,2659232
86199468.json,4644272
86199487.json,4713264
86199489.json,4952534
86199490.json,1074103
86199492.json,4151440
86199495.json,2866021
86199497.json,4390179
86199503.json,3314458
86199505.json,3061902
86199507.json,4979979
86199509.json,4995729
86199510.json,5072464
86199525.json,7672095
86199993.json,5130183
86200015.json,5306453
86200022.json,3351672
86200039.json,5196510
86200045.json,4013581
86200047.json,3974822
86200048.json,2067017
86200049.json,4939823
86200052.json,4162498
86200055.json,3979346
86200062.json,3013571
86200070.json,5917552
86200071.json,3406749
86200074.json,2594602
86200083.json,1495277
86200094.json,3743270
86200402.json,6895695
86200518.json,10258938
86200569.json,4342086
86200576.json,5305741
86200577.json,5982949
86200581.json,5052978
86200582.json,3971805
86200583.json,3510248
86200584.json,6760375
86200586.json,5547982
86200587.json,5358125
86200590.json,2080138
86200597.json,4593142
86200601.json,5072179
86200603.json,3413490
86200608.json,3052998
86200609.json,4596962
86200611.json,5749920
86200613.json,4767921
86200616.json,4599054
86200943.json,561498
86201083.json,4940572
86201098.json,5446705
86201104.json,4276755
86201105.json,3971816
86201107.json,4929467
86201109.json,5058034
86201110.json,4138845
86201117.json,3300854
86201122.json,4329553
86201125.json,2083816
86201127.json,3155447
86201129.json,4143579
86201132.json,4655439
86201135.json,5602548
86201148.json,4493498
86201156.json,4681962
86201483.json,2346323
86201598.json,4272384
86201612.json,3101500
86201628.json,4461933
86201630.json,2480011
86201634.json,2636395
86201636.json,4324089
86201637.json,3258958
86201639.json,4420318
86201641.json,12073669
86201645.json,5478657
86201649.json,4527562
86201650.json,2967391
86201652.json,580593
86201655.json,1864051
86201658.json,3921685
86201660.json,3266056
86201677.json,2941499
86201684.json,3995288
86202123.json,5259295
86202139.json,4539678
86202160.json,4981337
86202161.json,5210026
86202162.json,6221583
86202164.json,6039355
86202165.json,8020489
86202168.json,4422045
86202170.json,1010310
86202176.json,3319939
86202178.json,4533405
86202179.json,9805505
86202180.json,2509709
86202187.json,4520561
86202190.json,601440
86202191.json,6695581
86202200.json,1330959
86202256.json,4967972
86202562.json,3042828
86202685.json,3202197
86202702.json,3340113
86202704.json,5079215
86202706.json,1935506
86202707.json,8439475
86202709.json,2447981
86202710.json,4094051
86202711.json,9412363
86202712.json,4852728
86202715.json,2562166
86202718.json,5133001
86202719.json,5080528
86202724.json,5443323
86202726.json,2225937
86202727.json,2394886
86202728.json,2254985
86202802.json,2711313
86203094.json,5039456
86203205.json,2936361
86203206.json,1798109
86203228.json,4367946
86203231.json,2302286
86203232.json,2930633
86203233.json,4867326
86203238.json,3481316
86203242.json,3005447
86203243.json,5715399
86203244.json,2634709
86203245.json,4521266
86203248.json,2523599
86203255.json,3883723
86203258.json,4569069
86203731.json,3616586
86203732.json,841389
86203757.json,3850476
86203758.json,4654917
86203759.json,2865256
86203762.json,5118786
86203765.json,3130007
86203766.json,4867471
86203769.json,3907223
86203770.json,2035385
86203773.json,197113
86203776.json,2785598
86203777.json,3835714
86203778.json,2241595
86203782.json,5115839
86203788.json,4461303
86204248.json,643759
86204255.json,3626799
86204271.json,6204056
86204273.json,3930511
86204279.json,2442220
86204280.json,3519648
86204281.json,4421106
86204282.json,7040263
86204286.json,4587441
86204290.json,1847334
86204291.json,3508819
86204334.json,3264385
86204655.json,5000633
86204767.json,6330266
86204780.json,598279
86204784.json,6645420
86204789.json,4600440
86204792.json,2499078
86204794.json,4568037
86204795.json,4625813
86204800.json,3617101
86204803.json,5387391
86204804.json,4106548
86204805.json,723021
86204806.json,4244554
86204807.json,1000092
86204817.json,6751836
86204837.json,4438424
86205311.json,3394515
86205313.json,3681503
86205317.json,4774808
86205319.json,4719215
86205322.json,2005255
86205327.json,4424224
86205329.json,2121288
86205334.json,4273247
86205337.json,12154315
86205338.json,2472737
86205341.json,5422430
86205366.json,3196224
86205374.json,2599333
86205781.json,3655292
86205788.json,5812287
86205790.json,385400
86205793.json,3909487
86205794.json,3448459
86205798.json,2932965
86205799.json,3971669
86205801.json,4112192
86205802.json,2241170
86205853.json,546125
86205854.json,5377031
86205869.json,3467253
86205881.json,1637198
86205898.json,2813160
86206134.json,3060573
86206234.json,2884661
86206354.json,2301088
86206369.json,5202180
86206370.json,5156471
86206374.json,4345839
86206376.json,1786314
86206380.json,1636946
86206381.json,4557268
86206382.json,3660095
86206383.json,539977
86206387.json,2826446
86206391.json,5751678
86206393.json,2099257
86206396.json,4631127
86206428.json,3777392
86206764.json,2950340
86206864.json,3810368
86206881.json,3791648
86206882.json,3148379
86206883.json,4416322
86206887.json,3341364
86206892.json,4091575
86206893.json,6019471
86206895.json,2181608
86206896.json,5088151
86206897.json,8549281
86206902.json,3020974
86206909.json,4908040
86206912.json,4655534
86207189.json,3882321
86207386.json,5251808
86207398.json,4417797
86207401.json,3266549
86207402.json,2443553
86207408.json,2764685
86207409.json,3462708
86207410.json,5752800
86207413.json,5738791
86207414.json,5401018
86207416.json,2774694
86207417.json,5210930
86207418.json,4788932
86207429.json,6832100
86207430.json,1598104
86207706.json,1634683
86207809.json,5041497
86207887.json,5488565
86207896.json,2672400
86207913.json,5830168
86207914.json,4168272
86207917.json,6577363
86207920.json,4601749
86207921.json,4787429
86207922.json,4433040
86207923.json,2782235
86207925.json,7423752
86207928.json,2033463
86207929.json,1363297
86207932.json,4549031
86207936.json,4240549
86207979.json,8067047
86208218.json,2474433
86208331.json,3940817
86208413.json,6149084
86208431.json,1207149
86208432.json,2351260
86208438.json,863035
86208439.json,3873986
86208441.json,985459
86208442.json,7708572
86208443.json,3953292
86208445.json,2454054
86208450.json,2062086
86208471.json,6199344
86208935.json,3952174
86208953.json,1424053
86208956.json,4427217
86208959.json,1386502
86208961.json,4926015
86208962.json,9526217
86208963.json,2581043
86208964.json,3571285
86208966.json,4970560
86208967.json,4072006
86208979.json,4863171
86208988.json,2704503
86209468.json,6688556
86209482.json,4872162
86209490.json,4324506
86209496.json,3265060
86209500.json,4315474
86209501.json,1503460
86209502.json,6061998
86209514.json,3214658
86209539.json,1412988
86210031.json,5284246
86210032.json,3413449
86210039.json,4810842
86210040.json,5858647
86210044.json,4320558
86210062.json,4536486
86210074.json,1381549
86210100.json,4468134
86210102.json,5184886
86210392.json,4076768
86210547.json,2752132
86210569.json,3356946
86210576.json,3300650
86210578.json,4423162
86210581.json,3414879
86210583.json,3979791
86210601.json,2439291
86210602.json,2236538
86210615.json,2034880
86210622.json,4112239
86210851.json,3278680
86210935.json,2546734
86211092.json,1986972
86211118.json,3944348
86211123.json,1068469
86211126.json,5223747
86211129.json,6120581
86211136.json,2041515
86211178.json,10008319
86211180.json,346533
86211487.json,3224016
86211644.json,7964787
86211668.json,3155851
86211670.json,3518442
86211676.json,4991054
86211677.json,4642210
86211683.json,2657651
86211718.json,5156519
86211730.json,1845805
86212045.json,5688012
86212196.json,3990052
86212220.json,2538824
86212227.json,4943511
86212229.json,2938324
86212236.json,1197961
86212238.json,972162
86212291.json,3498437
86212538.json,1935845
86212611.json,1605294
86212760.json,1634075
86212788.json,2485023
86212792.json,6305643
86212794.json,5016546
86212800.json,2921449
86212804.json,796197
86212816.json,5744577
86213099.json,6136542
86213310.json,3395671
86213349.json,3757752
86213353.json,1364030
86213653.json,3534642
86213657.json,3481317
86213712.json,2312385
86213725.json,4740338
86213810.json,2889866
86213838.json,1956232
86213918.json,3461564
86213922.json,5428402
86214226.json,3115225
86214291.json,2237471
86214425.json,4281158
86214450.json,3993186
86214453.json,1087705
86214458.json,3314597
86214522.json,4833462
86214795.json,3337064
86214983.json,2266497
86215008.json,3280508
86215012.json,3424964
86215014.json,5097336
86215076.json,4961568
86215352.json,2696923
86215529.json,3118495
86215560.json,3651097
86215616.json,3618535
86215625.json,4627839
86215629.json,3191818
86216043.json,5528547
86216074.json,3355015
86216114.json,5329311
86216119.json,5427029
86216146.json,4080624
86216646.json,2986743
86216650.json,3741116
86216660.json,4432330
86216670.json,4348613
86217085.json,1729986
86217158.json,5680068
86217197.json,3699251
86217198.json,3854653
86217211.json,3898390
86217219.json,5979729
86217260.json,4574731
86217740.json,5663503
86218250.json,5005577
86218304.json,4048492
86218660.json,3742857
86218715.json,4057712
86218771.json,3269160
86218781.json,4674336
86218823.json,1244544
86218844.json,2335578
86218878.json,6373663
86218890.json,935317
86219319.json,2850912
86219353.json,11880773
86219382.json,2922779
86219388.json,3648490
86219422.json,4785921
86219850.json,1579392
86219882.json,4659401
86219899.json,5844630
86219925.json,3172351
86219956.json,4430504
86220362.json,2645405
86220400.json,2895536
86220414.json,1629338
86220482.json,3918131
86220483.json,1568052
86220793.json,4752283
86220890.json,4965543
86220914.json,4999361
86220960.json,2846285
86220974.json,5236499
86221395.json,3754585
86221436.json,4388083
86221444.json,3360092
86221484.json,3572539
86221792.json,2132227
86221934.json,3493162
86221959.json,1050051
86221968.json,4188959
86221990.json,12404284
86222055.json,1087674
86222469.json,4575545
86222470.json,3042126
86222498.json,4583507
86222507.json,4552494
86222509.json,3914087
86222570.json,4416476
86222586.json,2029848
86222998.json,4781656
86223044.json,3024390
86223049.json,4643838
86223050.json,3162606
86223081.json,5676976
86223111.json,4741302
86223154.json,4938282
86223453.json,3701397
86223562.json,3383861
86223597.json,3334143
86223600.json,4421221
86223603.json,1962793
