iter,games,unfinished,win_rate,steps,pg_loss,v_loss,entropy,approx_kl,clip_frac,beta,eval_wr,secs
1,256,0,0.1875,6535,-0.00228,0.44807,1.0498,0.00086,0.0021,1.0022,,5.6
2,256,0,0.1875,6720,-0.00114,0.39943,1.0383,0.00085,0.0018,1.0051,,5.5
3,256,0,0.1992,6886,-0.00110,0.39695,1.0601,0.00063,0.0003,1.0047,,5.5
4,256,0,0.1914,6753,-0.00224,0.38170,1.0297,0.00057,0.0001,1.0064,,5.3
5,256,0,0.1914,6838,-0.00110,0.37040,1.0207,0.00006,0.0000,1.0083,,5.4
6,256,0,0.2031,6929,-0.00088,0.38339,1.0091,0.00052,0.0025,1.0065,,5.5
7,256,0,0.2266,6447,-0.00294,0.39341,1.0390,0.00009,0.0000,1.0052,,5.2
8,256,0,0.2148,6679,-0.00037,0.38776,1.0264,-0.00013,0.0000,1.0069,,5.3
9,256,0,0.2422,6583,0.00059,0.40815,0.9760,-0.00002,0.0000,1.0072,,5.3
10,256,0,0.2461,6413,0.00018,0.41176,1.0054,0.00027,0.0000,1.0076,0.2299,9.1
11,256,0,0.2227,6516,0.00062,0.38546,1.0098,0.00020,0.0000,1.0091,,5.2
12,256,0,0.2148,6459,-0.00387,0.38091,0.9776,0.00090,0.0008,1.0083,,5.3
13,256,0,0.2930,6780,0.00023,0.43253,0.9706,0.00076,0.0002,1.0082,,5.6
14,256,0,0.1836,6582,-0.00244,0.38310,0.9761,0.00062,0.0003,1.0069,,5.2
15,256,0,0.2051,6664,-0.00096,0.39663,0.9855,0.00021,0.0000,1.0097,,5.3
16,256,0,0.2031,6624,-0.00296,0.37795,0.9773,-0.00014,0.0000,1.0126,,5.4
17,256,0,0.2578,6630,-0.00047,0.42181,0.9403,0.00029,0.0000,1.0145,,5.4
18,256,0,0.2617,6689,-0.00361,0.41710,0.9191,0.00010,0.0000,1.0138,,5.4
19,256,0,0.2305,6872,-0.00063,0.35575,0.9177,0.00037,0.0000,1.0141,,5.4
20,256,0,0.2539,6579,-0.00347,0.43218,0.9345,0.00061,0.0019,1.0127,0.4799,9.5
21,256,0,0.3047,6407,0.00319,0.43484,0.9487,0.00027,0.0020,1.0104,,5.3
22,256,0,0.2305,6577,-0.00333,0.39794,0.9679,0.00049,0.0000,1.0094,,5.3
23,256,0,0.2734,6193,-0.00877,0.38277,0.9281,0.00078,0.0015,1.0125,,5.0
24,256,0,0.2617,6652,-0.00281,0.38717,0.9525,0.00109,0.0042,1.0154,,5.2
25,256,0,0.3281,6557,0.00348,0.42304,0.8952,0.00155,0.0049,1.0187,,5.2
26,256,0,0.3281,6946,-0.00086,0.46851,0.8891,0.00021,0.0002,1.0212,,5.6
27,256,0,0.2969,6870,-0.00094,0.45798,0.8515,0.00010,0.0006,1.0242,,5.4
28,256,0,0.2617,6953,-0.00152,0.41362,0.8427,0.00044,0.0018,1.0224,,5.5
29,256,0,0.2695,6593,0.00098,0.41057,0.8329,0.00005,0.0000,1.0230,,5.2
30,256,0,0.3047,6925,-0.00280,0.44470,0.8286,0.00192,0.0119,1.0270,0.6221,9.4
31,256,0,0.3047,6762,-0.00118,0.42378,0.8319,0.00072,0.0070,1.0258,,5.3
32,256,0,0.2930,6684,-0.00027,0.43889,0.8372,0.00003,0.0000,1.0252,,5.4
33,256,0,0.3164,6855,-0.00098,0.40623,0.8445,0.00048,0.0001,1.0245,,5.4
34,256,0,0.3242,6961,-0.00047,0.42447,0.8245,0.00001,0.0000,1.0236,,5.5
35,256,0,0.3047,6932,-0.00211,0.41311,0.7969,0.00129,0.0044,1.0260,,5.5
36,256,0,0.2539,6996,-0.00012,0.42667,0.8127,0.00032,0.0010,1.0278,,5.5
37,256,0,0.2773,7069,-0.00034,0.39473,0.7874,0.00010,0.0000,1.0286,,5.7
38,256,0,0.2930,6754,-0.00286,0.40892,0.7635,0.00006,0.0000,1.0301,,5.3
39,256,0,0.3203,6824,0.00017,0.44046,0.7849,0.00020,0.0000,1.0297,,5.4
40,256,0,0.3203,6780,-0.00096,0.42312,0.7792,0.00064,0.0013,1.0281,0.2917,9.4
41,256,0,0.2695,7036,-0.00086,0.39067,0.7922,0.00108,0.0044,1.0266,,5.7
42,256,0,0.2930,6646,-0.00170,0.39840,0.7968,0.00107,0.0008,1.0259,,5.2
43,256,0,0.2383,6782,0.00036,0.38666,0.8135,-0.00044,0.0000,1.0259,,5.4
44,256,0,0.2656,7000,-0.00082,0.38895,0.8254,0.00041,0.0002,1.0237,,5.6
45,256,0,0.2969,7087,-0.00036,0.38808,0.8130,0.00015,0.0000,1.0217,,5.5
46,256,0,0.2852,7033,-0.00100,0.37644,0.8216,0.00017,0.0000,1.0214,,5.4
47,256,0,0.2734,6914,-0.00001,0.39090,0.8054,0.00030,0.0000,1.0222,,5.3
48,256,0,0.3594,7047,-0.00116,0.45310,0.8004,0.00086,0.0033,1.0253,,5.6
49,256,0,0.3125,7108,-0.00101,0.41898,0.7705,0.00050,0.0003,1.0267,,5.6
50,256,0,0.3164,7039,-0.00014,0.45098,0.7582,0.00033,0.0000,1.0271,0.4195,9.4
51,256,0,0.2930,7192,0.02217,0.45469,0.7257,0.00108,0.0110,1.0311,,5.5
52,256,0,0.3086,7028,-0.00073,0.43144,0.7302,0.00011,0.0000,1.0310,,5.5
53,256,0,0.3047,7099,-0.00076,0.45199,0.7320,-0.00042,0.0000,1.0331,,5.5
54,256,0,0.3164,7188,-0.01773,0.41535,0.6979,0.00156,0.0126,1.0356,,5.6
55,256,0,0.3164,7017,-0.00052,0.40399,0.6980,0.00020,0.0008,1.0336,,5.5
56,256,0,0.3281,7192,0.00054,0.45003,0.7078,0.00091,0.0056,1.0334,,5.4
57,256,0,0.3008,7198,-0.00425,0.41697,0.6939,-0.00015,0.0000,1.0353,,5.7
58,256,0,0.3047,7106,-0.00030,0.41757,0.6905,0.00024,0.0005,1.0350,,5.4
59,256,0,0.2793,7345,-0.00658,0.41301,0.6920,0.00019,0.0000,1.0347,,5.6
60,256,0,0.3672,7094,-0.00151,0.44351,0.7230,0.00097,0.0051,1.0316,0.5287,9.4
